c_as,total_n,total_m,total_bw,b_n,b_m,b_bw
36293,4999.0,4999.0,14643.0,4950.0,4950.0,6078.0
197015,4995.0,4995.0,24144.0,1789.0,1789.0,7307.0
41619,4995.0,4995.0,17088.0,2324.0,2324.0,5623.0
37514,4999.0,4999.0,14943.0,1913.0,1913.0,4089.0
4531,4996.0,4996.0,12741.0,3570.0,3570.0,4423.0
60307,4997.0,4997.0,22084.0,1453.0,1453.0,4766.0
42935,4998.0,4998.0,21826.0,1775.0,1775.0,5597.0
198325,4998.0,4998.0,17225.0,4153.0,4153.0,8916.0
51651,4997.0,4997.0,20838.0,2405.0,2405.0,6969.0
21074,4997.0,4997.0,17824.0,2602.0,2602.0,5854.0
55260,5000.0,5000.0,20058.0,2598.0,2598.0,6234.0
209945,4997.0,4997.0,19670.0,2264.0,2264.0,6830.0
30610,4997.0,4997.0,16719.0,4893.0,4893.0,9439.0
263945,4997.0,4997.0,25798.0,3264.0,3264.0,8961.0
395506,4998.0,4998.0,15925.0,4997.0,4997.0,7332.0
49364,4999.0,4999.0,21630.0,2231.0,2231.0,6928.0
131907,4999.0,4999.0,23043.0,2149.0,2149.0,7851.0
36892,4998.0,4998.0,23504.0,3135.0,3135.0,9034.0
135219,4996.0,4996.0,21984.0,2081.0,2081.0,6794.0
42730,4996.0,4996.0,14603.0,4029.0,4029.0,5429.0
62139,5000.0,5000.0,20153.0,2316.0,2316.0,6979.0
137375,4999.0,4999.0,17690.0,3928.0,3928.0,8340.0
9712,4998.0,4998.0,15057.0,1439.0,1439.0,3207.0
59427,5000.0,5000.0,14150.0,1920.0,1920.0,3881.0
32588,4998.0,4998.0,16678.0,2194.0,2194.0,4825.0
206416,4998.0,4998.0,20889.0,2443.0,2443.0,5853.0
133491,4997.0,4997.0,16957.0,2393.0,2393.0,5225.0
55558,4999.0,4999.0,20370.0,3397.0,3397.0,7775.0
198518,4997.0,4997.0,17961.0,1693.0,1693.0,4564.0
58963,4999.0,4999.0,21700.0,2042.0,2042.0,6508.0
38874,4999.0,4999.0,17199.0,2341.0,2341.0,5456.0
136274,4999.0,4999.0,27218.0,2185.0,2185.0,9182.0
30732,4995.0,4995.0,21943.0,1838.0,1838.0,5835.0
14922,4996.0,4996.0,17544.0,2901.0,2901.0,6411.0
41723,4998.0,4998.0,21051.0,2667.0,2667.0,7498.0
53900,4997.0,4997.0,14543.0,1972.0,1972.0,4004.0
59823,4998.0,4998.0,20469.0,2371.0,2371.0,7410.0
52447,5000.0,5000.0,21782.0,4742.0,4742.0,13115.0
41022,4997.0,4997.0,15541.0,2388.0,2388.0,5097.0
4793,4999.0,4999.0,15087.0,1577.0,1577.0,3442.0
55998,4996.0,4996.0,21164.0,1495.0,1495.0,4859.0
19062,4998.0,4998.0,17310.0,1866.0,1866.0,4408.0
3713,4999.0,4999.0,14878.0,4833.0,4833.0,6730.0
20493,4999.0,4999.0,19620.0,1571.0,1571.0,4948.0
265854,4999.0,4999.0,24150.0,4603.0,4603.0,13614.0
198876,4995.0,4995.0,21120.0,2235.0,2235.0,6851.0
53461,4995.0,4995.0,17527.0,1925.0,1925.0,4658.0
134886,4998.0,4998.0,21874.0,2294.0,2294.0,7409.0
206650,4998.0,4998.0,19709.0,2517.0,2517.0,6099.0
42202,5000.0,5000.0,19251.0,1309.0,1309.0,4164.0
15752,4999.0,4999.0,16386.0,4999.0,4999.0,7379.0
19909,4996.0,4996.0,17659.0,2927.0,2927.0,6509.0
55250,4998.0,4998.0,17831.0,1571.0,1571.0,4103.0
58742,4998.0,4998.0,21692.0,1822.0,1822.0,5958.0
22976,4998.0,4998.0,15753.0,3719.0,3719.0,5487.0
137414,4995.0,4995.0,21382.0,1684.0,1684.0,5568.0
199806,4999.0,4999.0,18924.0,3689.0,3689.0,8388.0
22910,4997.0,4997.0,16580.0,2519.0,2519.0,5274.0
61753,4994.0,4994.0,22181.0,2209.0,2209.0,7153.0
26463,4997.0,4997.0,16823.0,4956.0,4956.0,7703.0
58529,4999.0,4999.0,21752.0,2246.0,2246.0,7276.0
57658,4999.0,4999.0,16760.0,2677.0,2677.0,6031.0
60156,4995.0,4995.0,25079.0,1966.0,1966.0,8290.0
44785,4994.0,4994.0,21507.0,2392.0,2392.0,7583.0
132988,4998.0,4998.0,22011.0,2353.0,2353.0,7744.0
50075,4998.0,4998.0,15549.0,4998.0,4998.0,6919.0
135092,5000.0,5000.0,22821.0,2756.0,2756.0,8776.0
20349,4998.0,4998.0,16367.0,3319.0,3319.0,5494.0
37201,5000.0,5000.0,17214.0,2485.0,2485.0,5523.0
46190,4997.0,4997.0,18244.0,3226.0,3226.0,7480.0
267198,4997.0,4997.0,21426.0,4781.0,4781.0,13214.0
32604,4999.0,4999.0,17491.0,2475.0,2475.0,5666.0
203953,4996.0,4996.0,17590.0,4821.0,4821.0,10138.0
7627,4999.0,4999.0,15044.0,1511.0,1511.0,3309.0
13734,4997.0,4997.0,16391.0,4997.0,4997.0,7816.0
201973,4998.0,4998.0,15642.0,1308.0,1308.0,3364.0
21451,4997.0,4997.0,17467.0,1875.0,1875.0,4789.0
32728,4997.0,4997.0,17203.0,2135.0,2135.0,4946.0
16597,4999.0,4999.0,19403.0,2240.0,2240.0,6586.0
47278,4999.0,4999.0,18125.0,1234.0,1234.0,3738.0
21443,4995.0,4995.0,17435.0,3532.0,3532.0,7875.0
24436,4997.0,4997.0,18605.0,2752.0,2752.0,7052.0
28231,5000.0,5000.0,22627.0,2705.0,2705.0,8645.0
34826,4998.0,4998.0,22513.0,4051.0,4051.0,12741.0
25714,4997.0,4997.0,15756.0,4997.0,4997.0,7253.0
133966,4998.0,4998.0,19788.0,1978.0,1978.0,5362.0
32581,4998.0,4998.0,15946.0,4998.0,4998.0,7039.0
267097,4997.0,4997.0,22110.0,2113.0,2113.0,6859.0
52146,4996.0,4996.0,16101.0,1847.0,1847.0,4146.0
15299,4997.0,4997.0,17970.0,2678.0,2678.0,5984.0
47294,4996.0,4996.0,17205.0,4091.0,4091.0,8806.0
50601,4999.0,4999.0,19105.0,2027.0,2027.0,4567.0
137421,4997.0,4997.0,19168.0,2999.0,2999.0,6899.0
196877,4998.0,4998.0,18102.0,2324.0,2324.0,5380.0
33753,4996.0,4996.0,16193.0,2653.0,2653.0,5238.0
131466,4998.0,4998.0,16936.0,1811.0,1811.0,4257.0
40064,5000.0,5000.0,15126.0,2516.0,2516.0,4334.0
56906,4999.0,4999.0,19579.0,2344.0,2344.0,5383.0
268459,4999.0,4999.0,22979.0,1098.0,1098.0,3702.0
50732,4997.0,4997.0,20294.0,1905.0,1905.0,5975.0
45501,4999.0,4999.0,17118.0,3126.0,3126.0,6774.0
55104,4995.0,4995.0,14679.0,1882.0,1882.0,3900.0
7033,4994.0,4994.0,16619.0,2051.0,2051.0,4838.0
32347,4998.0,4998.0,19439.0,2119.0,2119.0,6395.0
58343,3520.0,3520.0,14737.0,2.0,2.0,8.0
31124,4999.0,4999.0,17875.0,1978.0,1978.0,3885.0
196846,4999.0,4999.0,22629.0,2688.0,2688.0,8181.0
263760,4998.0,4998.0,21396.0,3793.0,3793.0,9023.0
22899,4998.0,4998.0,18581.0,2646.0,2646.0,6687.0
14533,4995.0,4995.0,17285.0,4424.0,4424.0,9350.0
262876,4998.0,4998.0,17213.0,2182.0,2182.0,4958.0
32287,4995.0,4995.0,14571.0,4995.0,4995.0,6362.0
52356,4999.0,4999.0,22740.0,2832.0,2832.0,6274.0
55117,4999.0,4999.0,16617.0,2198.0,2198.0,4723.0
51965,4996.0,4996.0,14242.0,4965.0,4965.0,6323.0
136090,4998.0,4998.0,19238.0,3283.0,3283.0,8547.0
35947,4995.0,4995.0,17363.0,3236.0,3236.0,7040.0
44701,4998.0,4998.0,16207.0,2399.0,2399.0,5382.0
18165,4999.0,4999.0,16733.0,3724.0,3724.0,5425.0
206179,4997.0,4997.0,17262.0,2346.0,2346.0,5670.0
6026,4998.0,4998.0,30178.0,2948.0,2948.0,13113.0
29092,4999.0,4999.0,22709.0,2828.0,2828.0,8750.0
197347,4997.0,4997.0,15986.0,4997.0,4997.0,7176.0
210058,4999.0,4999.0,18301.0,2617.0,2617.0,5717.0
47293,4999.0,4999.0,18841.0,1672.0,1672.0,5053.0
207237,4998.0,4998.0,17741.0,986.0,986.0,2958.0
49047,4996.0,4996.0,18123.0,2134.0,2134.0,5368.0
201287,4996.0,4996.0,14531.0,1955.0,1955.0,4023.0
49184,4998.0,4998.0,15175.0,1892.0,1892.0,4120.0
46985,4998.0,4998.0,24746.0,2797.0,2797.0,9677.0
54449,4997.0,4997.0,15390.0,4997.0,4997.0,6929.0
394572,4999.0,4999.0,27119.0,2320.0,2320.0,9822.0
54353,4997.0,4997.0,16505.0,2544.0,2544.0,5337.0
62991,4999.0,4999.0,16872.0,1849.0,1849.0,4403.0
262890,4998.0,4998.0,20517.0,1732.0,1732.0,5422.0
395539,4997.0,4997.0,17691.0,3961.0,3961.0,8848.0
14903,4998.0,4998.0,14668.0,4998.0,4998.0,6404.0
49509,4997.0,4997.0,20099.0,2113.0,2113.0,6579.0
29088,4998.0,4998.0,20007.0,2477.0,2477.0,6819.0
19954,4999.0,4999.0,16414.0,4999.0,4999.0,7394.0
57880,5000.0,5000.0,18525.0,2642.0,2642.0,6526.0
26417,4995.0,4995.0,14620.0,2233.0,2233.0,4509.0
47587,4998.0,4998.0,20247.0,1480.0,1480.0,4858.0
12590,4998.0,4998.0,18071.0,4987.0,4987.0,10654.0
200925,4997.0,4997.0,14587.0,1560.0,1560.0,3175.0
11452,4997.0,4997.0,13561.0,2603.0,2603.0,3854.0
266873,4998.0,4998.0,21629.0,4973.0,4973.0,13780.0
18569,4998.0,4998.0,16753.0,4998.0,4998.0,7856.0
206871,4998.0,4998.0,19667.0,1777.0,1777.0,5533.0
267464,4997.0,4997.0,19285.0,2063.0,2063.0,5777.0
34707,4999.0,4999.0,16250.0,1779.0,1779.0,4306.0
40410,4999.0,4999.0,15535.0,3853.0,3853.0,5606.0
267134,4999.0,4999.0,25397.0,1851.0,1851.0,6668.0
202946,4998.0,4998.0,14162.0,1836.0,1836.0,3784.0
48258,4998.0,4998.0,15121.0,2622.0,2622.0,4515.0
31864,4998.0,4998.0,13613.0,2647.0,2647.0,4041.0
199774,4998.0,4998.0,17159.0,2040.0,2040.0,4818.0
393365,5000.0,5000.0,27372.0,3779.0,3779.0,10454.0
44916,4997.0,4997.0,13345.0,1133.0,1133.0,2423.0
58009,4999.0,4999.0,23655.0,2070.0,2070.0,8340.0
205510,4996.0,4996.0,16713.0,3774.0,3774.0,7984.0
46733,4997.0,4997.0,29487.0,2902.0,2902.0,12238.0
34367,4998.0,4998.0,22247.0,1069.0,1069.0,5254.0
135606,4997.0,4997.0,19418.0,2515.0,2515.0,6466.0
204918,4998.0,4998.0,17171.0,4136.0,4136.0,8885.0
32974,4996.0,4996.0,15633.0,3748.0,3748.0,5621.0
264404,4997.0,4997.0,22451.0,1539.0,1539.0,5407.0
204960,4998.0,4998.0,23879.0,4098.0,4098.0,13586.0
41766,4997.0,4997.0,19316.0,3284.0,3284.0,7211.0
266115,5000.0,5000.0,22797.0,2162.0,2162.0,6952.0
26842,4997.0,4997.0,14470.0,3787.0,3787.0,4923.0
327839,4997.0,4997.0,20831.0,2075.0,2075.0,6602.0
47496,4997.0,4997.0,16644.0,3967.0,3967.0,8357.0
23767,4998.0,4998.0,18144.0,2793.0,2793.0,7127.0
32790,4998.0,4998.0,14616.0,4998.0,4998.0,6365.0
134433,4998.0,4998.0,21686.0,3728.0,3728.0,10366.0
43381,4995.0,4995.0,20863.0,3504.0,3504.0,9127.0
61639,4999.0,4999.0,21904.0,2653.0,2653.0,7599.0
29637,4997.0,4997.0,18579.0,2483.0,2483.0,6486.0
200829,4997.0,4997.0,19431.0,1525.0,1525.0,4736.0
20888,4996.0,4996.0,15727.0,3042.0,3042.0,6332.0
53756,4997.0,4997.0,16674.0,2606.0,2606.0,5601.0
59402,4996.0,4996.0,16789.0,2366.0,2366.0,5354.0
39743,4998.0,4998.0,16954.0,3189.0,3189.0,6880.0
23505,4998.0,4998.0,14454.0,4998.0,4998.0,6390.0
17858,4999.0,4999.0,18116.0,3284.0,3284.0,7777.0
60315,4999.0,4999.0,22272.0,2154.0,2154.0,6798.0
35157,4996.0,4996.0,13317.0,4955.0,4955.0,5667.0
21301,4996.0,4996.0,16758.0,1926.0,1926.0,4318.0
15526,4997.0,4997.0,19701.0,2573.0,2573.0,6219.0
42746,4998.0,4998.0,18727.0,3779.0,3779.0,8310.0
62609,4996.0,4996.0,14264.0,4533.0,4533.0,5935.0
51819,4997.0,4997.0,18080.0,3781.0,3781.0,8882.0
48748,4999.0,4999.0,19757.0,1376.0,1376.0,4456.0
203145,4996.0,4996.0,16782.0,3171.0,3171.0,6824.0
11436,4995.0,4995.0,16002.0,2687.0,2687.0,5162.0
205487,4999.0,4999.0,14206.0,1867.0,1867.0,3857.0
51231,4997.0,4997.0,14417.0,1550.0,1550.0,3339.0
40369,4999.0,4999.0,15995.0,3788.0,3788.0,5466.0
205704,4999.0,4999.0,17119.0,3427.0,3427.0,7608.0
12557,4998.0,4998.0,17517.0,4279.0,4279.0,7938.0
10939,4998.0,4998.0,27080.0,3168.0,3168.0,9045.0
24825,4997.0,4997.0,19816.0,1821.0,1821.0,5683.0
395499,4998.0,4998.0,18227.0,4948.0,4948.0,10910.0
199316,4998.0,4998.0,15082.0,2320.0,2320.0,4804.0
49672,4998.0,4998.0,20006.0,2471.0,2471.0,6818.0
46621,4998.0,4998.0,17587.0,1925.0,1925.0,4659.0
49649,4999.0,4999.0,19394.0,2940.0,2940.0,7269.0
52358,4996.0,4996.0,16755.0,4914.0,4914.0,8919.0
31421,4999.0,4999.0,18851.0,1279.0,1279.0,3958.0
45119,4999.0,4999.0,17467.0,2112.0,2112.0,4897.0
55200,4997.0,4997.0,16802.0,4948.0,4948.0,7712.0
58390,4995.0,4995.0,16943.0,3931.0,3931.0,8299.0
266870,4997.0,4997.0,21830.0,4997.0,4997.0,13806.0
43349,4997.0,4997.0,16089.0,1820.0,1820.0,4548.0
58609,4998.0,4998.0,22331.0,2013.0,2013.0,6392.0
29109,4998.0,4998.0,18134.0,3343.0,3343.0,7501.0
31767,4999.0,4999.0,16161.0,4999.0,4999.0,7597.0
11594,4996.0,4996.0,14711.0,2256.0,2256.0,4709.0
18082,4996.0,4996.0,18286.0,2295.0,2295.0,6131.0
131316,4998.0,4998.0,21468.0,1749.0,1749.0,5794.0
14382,4999.0,4999.0,15318.0,4916.0,4916.0,6917.0
263816,4997.0,4997.0,20942.0,4982.0,4982.0,12124.0
19495,5000.0,5000.0,17445.0,3477.0,3477.0,7748.0
137084,4997.0,4997.0,17738.0,2393.0,2393.0,5619.0
9352,4997.0,4997.0,18800.0,1402.0,1402.0,4092.0
8137,4998.0,4998.0,14630.0,4980.0,4980.0,5966.0
8325,4998.0,4998.0,16074.0,1819.0,1819.0,4351.0
50217,4999.0,4999.0,15801.0,3095.0,3095.0,6453.0
21415,4997.0,4997.0,18183.0,3544.0,3544.0,7621.0
59417,4997.0,4997.0,15989.0,1698.0,1698.0,4165.0
17256,4996.0,4996.0,19018.0,4708.0,4708.0,10651.0
50013,4997.0,4997.0,19182.0,2470.0,2470.0,5948.0
50166,4997.0,4997.0,15032.0,2378.0,2378.0,4912.0
46835,4999.0,4999.0,17470.0,2505.0,2505.0,5764.0
17326,4997.0,4997.0,17348.0,2404.0,2404.0,5379.0
26859,5000.0,5000.0,14367.0,2414.0,2414.0,4371.0
395485,4997.0,4997.0,17878.0,3495.0,3495.0,7485.0
48079,4998.0,4998.0,15944.0,1792.0,1792.0,4442.0
135522,4998.0,4998.0,23891.0,3551.0,3551.0,11540.0
20790,4998.0,4998.0,19009.0,1129.0,1129.0,3599.0
204130,4998.0,4998.0,23656.0,3057.0,3057.0,9550.0
55032,4998.0,4998.0,19207.0,1294.0,1294.0,3861.0
8396,5000.0,5000.0,18185.0,2584.0,2584.0,6222.0
22530,4999.0,4999.0,15833.0,4999.0,4999.0,7133.0
18844,4996.0,4996.0,14343.0,4996.0,4996.0,6302.0
52590,5000.0,5000.0,26728.0,2942.0,2942.0,10920.0
44586,4999.0,4999.0,19479.0,2407.0,2407.0,6004.0
16882,4998.0,4998.0,19135.0,2051.0,2051.0,5653.0
10442,4998.0,4998.0,14682.0,4998.0,4998.0,6417.0
205606,4998.0,4998.0,21673.0,3067.0,3067.0,9426.0
50566,4999.0,4999.0,14793.0,1628.0,1628.0,3591.0
35966,4997.0,4997.0,16116.0,2835.0,2835.0,4652.0
201403,4999.0,4999.0,14600.0,2065.0,2065.0,3835.0
197896,4996.0,4996.0,23206.0,2168.0,2168.0,8273.0
200488,5000.0,5000.0,21078.0,2504.0,2504.0,7326.0
204967,4997.0,4997.0,23104.0,3099.0,3099.0,9448.0
262289,4997.0,4997.0,21474.0,3478.0,3478.0,8276.0
59339,4996.0,4996.0,21748.0,1814.0,1814.0,5961.0
54576,4997.0,4997.0,14676.0,2229.0,2229.0,4504.0
7676,4998.0,4998.0,15205.0,2587.0,2587.0,5338.0
395938,4998.0,4998.0,18630.0,2277.0,2277.0,6114.0
262204,4998.0,4998.0,20694.0,3791.0,3791.0,8897.0
328264,4996.0,4996.0,17801.0,4281.0,4281.0,9278.0
27937,4997.0,4997.0,18876.0,4665.0,4665.0,10056.0
327756,4997.0,4997.0,15296.0,3326.0,3326.0,4837.0
132905,4998.0,4998.0,15396.0,1700.0,1700.0,3597.0
266524,4997.0,4997.0,23900.0,2343.0,2343.0,7148.0
26101,4998.0,4998.0,17175.0,3092.0,3092.0,6709.0
43236,4997.0,4997.0,14874.0,4997.0,4997.0,6616.0
15407,4997.0,4997.0,15772.0,4997.0,4997.0,7096.0
20061,4997.0,4997.0,21454.0,2384.0,2384.0,7212.0
197765,4996.0,4996.0,14682.0,1557.0,1557.0,3386.0
16809,5000.0,5000.0,14529.0,5000.0,5000.0,6374.0
27996,4999.0,4999.0,25459.0,3169.0,3169.0,8330.0
268564,4999.0,4999.0,27976.0,3163.0,3163.0,10970.0
394543,4997.0,4997.0,16751.0,4997.0,4997.0,7916.0
47874,4995.0,4995.0,18480.0,3486.0,3486.0,7758.0
50995,4999.0,4999.0,19677.0,2549.0,2549.0,6194.0
266238,4999.0,4999.0,26069.0,2518.0,2518.0,9875.0
30138,4998.0,4998.0,17349.0,2345.0,2345.0,5418.0
394220,4997.0,4997.0,16313.0,4997.0,4997.0,7155.0
137641,4996.0,4996.0,21113.0,1394.0,1394.0,4574.0
59197,4997.0,4997.0,17002.0,2366.0,2366.0,5148.0
57774,4998.0,4998.0,18652.0,1392.0,1392.0,4291.0
24677,4997.0,4997.0,16871.0,4997.0,4997.0,7681.0
1851,4999.0,4999.0,18562.0,2717.0,2717.0,6931.0
395625,4997.0,4997.0,16727.0,4997.0,4997.0,7915.0
55843,4996.0,4996.0,16674.0,2700.0,2700.0,5787.0
58006,4999.0,4999.0,15284.0,1932.0,1932.0,4161.0
51562,4996.0,4996.0,16191.0,1735.0,1735.0,4181.0
327727,4998.0,4998.0,16566.0,1866.0,1866.0,4253.0
29593,4997.0,4997.0,20412.0,3656.0,3656.0,9995.0
3724,4998.0,4998.0,17534.0,4150.0,4150.0,9044.0
27374,4997.0,4997.0,14369.0,4997.0,4997.0,6360.0
33990,4998.0,4998.0,17571.0,4078.0,4078.0,8737.0
262593,4999.0,4999.0,20198.0,2030.0,2030.0,5527.0
201320,4999.0,4999.0,18672.0,1589.0,1589.0,4797.0
328247,4997.0,4997.0,22154.0,2210.0,2210.0,7326.0
37453,4998.0,4998.0,23489.0,2733.0,2733.0,8185.0
200822,4997.0,4997.0,19258.0,3801.0,3801.0,8509.0
34318,4997.0,4997.0,17113.0,2617.0,2617.0,5621.0
52192,4998.0,4998.0,24976.0,3525.0,3525.0,11261.0
59988,4999.0,4999.0,15177.0,1826.0,1826.0,3975.0
32531,4999.0,4999.0,16043.0,2757.0,2757.0,4848.0
46673,4996.0,4996.0,15538.0,3290.0,3290.0,5317.0
54069,4996.0,4996.0,12760.0,1014.0,1014.0,2028.0
135424,4995.0,4995.0,13974.0,2141.0,2141.0,3377.0
134643,4997.0,4997.0,16691.0,3987.0,3987.0,8393.0
265459,4996.0,4996.0,21608.0,2085.0,2085.0,5652.0
56562,4997.0,4997.0,16859.0,2744.0,2744.0,6210.0
59724,5000.0,5000.0,14608.0,5000.0,5000.0,6397.0
20707,4995.0,4995.0,22487.0,1914.0,1914.0,6694.0
12961,4998.0,4998.0,15096.0,3361.0,3361.0,4186.0
137657,4998.0,4998.0,21963.0,2087.0,2087.0,6895.0
48977,4997.0,4997.0,15642.0,4661.0,4661.0,7673.0
43652,4997.0,4997.0,20068.0,2077.0,2077.0,6273.0
136701,4998.0,4998.0,27681.0,3315.0,3315.0,13805.0
16692,4998.0,4998.0,13660.0,2694.0,2694.0,4108.0
6640,4996.0,4996.0,17236.0,2170.0,2170.0,4378.0
28743,4996.0,4996.0,20246.0,1437.0,1437.0,3933.0
36796,4995.0,4995.0,14291.0,2214.0,2214.0,3937.0
40514,4997.0,4997.0,17615.0,2901.0,2901.0,5317.0
263110,4999.0,4999.0,21681.0,2641.0,2641.0,7453.0
41706,4999.0,4999.0,14658.0,2072.0,2072.0,4363.0
40533,4998.0,4998.0,19744.0,3564.0,3564.0,8587.0
138335,4999.0,4999.0,19168.0,3052.0,3052.0,7023.0
49,4997.0,4997.0,16369.0,4997.0,4997.0,7188.0
39722,4998.0,4998.0,17307.0,2940.0,2940.0,6362.0
135385,4998.0,4998.0,23946.0,2638.0,2638.0,8959.0
30284,4998.0,4998.0,16746.0,2511.0,2511.0,5212.0
328019,5000.0,5000.0,22339.0,2424.0,2424.0,7567.0
206806,4997.0,4997.0,19987.0,2473.0,2473.0,6806.0
11134,4998.0,4998.0,14623.0,4998.0,4998.0,6385.0
60663,4998.0,4998.0,23260.0,2490.0,2490.0,8179.0
131686,4998.0,4998.0,19152.0,2216.0,2216.0,5964.0
56793,4996.0,4996.0,15388.0,1880.0,1880.0,4040.0
21958,4997.0,4997.0,13302.0,4997.0,4997.0,5969.0
53715,4998.0,4998.0,18480.0,2552.0,2552.0,6428.0
396231,4998.0,4998.0,17362.0,4663.0,4663.0,9318.0
45851,4997.0,4997.0,17519.0,2158.0,2158.0,4859.0
20282,4998.0,4998.0,14584.0,1915.0,1915.0,3900.0
42082,4998.0,4998.0,21482.0,2197.0,2197.0,6739.0
19449,4999.0,4999.0,16469.0,2671.0,2671.0,5141.0
204337,4997.0,4997.0,15475.0,2372.0,2372.0,5027.0
50635,4996.0,4996.0,23145.0,3864.0,3864.0,12980.0
56797,4999.0,4999.0,16536.0,2657.0,2657.0,5986.0
63310,4998.0,4998.0,20587.0,3682.0,3682.0,10077.0
41911,4998.0,4998.0,18047.0,895.0,895.0,2778.0
204760,4998.0,4998.0,17397.0,2085.0,2085.0,4655.0
48042,4998.0,4998.0,17385.0,1937.0,1937.0,4919.0
58087,4998.0,4998.0,15177.0,2032.0,2032.0,4412.0
16979,4996.0,4996.0,16492.0,2687.0,2687.0,5187.0
56624,4997.0,4997.0,21288.0,2256.0,2256.0,6009.0
206301,4997.0,4997.0,19833.0,1674.0,1674.0,5253.0
17555,4999.0,4999.0,15940.0,1332.0,1332.0,2973.0
25880,4999.0,4999.0,14620.0,1603.0,1603.0,3450.0
17019,4997.0,4997.0,12678.0,964.0,964.0,1928.0
31832,4999.0,4999.0,16506.0,2692.0,2692.0,5213.0
49254,4998.0,4998.0,21179.0,3583.0,3583.0,8223.0
23445,4997.0,4997.0,16856.0,2654.0,2654.0,5149.0
12282,4996.0,4996.0,14584.0,4036.0,4036.0,5402.0
9159,4997.0,4997.0,13937.0,2256.0,2256.0,3712.0
35866,4996.0,4996.0,16737.0,4996.0,4996.0,7939.0
36978,4997.0,4997.0,18407.0,1728.0,1728.0,4204.0
34111,4999.0,4999.0,19872.0,1688.0,1688.0,5388.0
48865,4998.0,4998.0,18159.0,3804.0,3804.0,8312.0
45525,4997.0,4997.0,16928.0,2367.0,2367.0,5139.0
15457,4997.0,4997.0,18251.0,2374.0,2374.0,5881.0
38102,4998.0,4998.0,24703.0,1560.0,1560.0,6485.0
136120,4997.0,4997.0,18771.0,3201.0,3201.0,7145.0
57348,4997.0,4997.0,18943.0,1918.0,1918.0,4955.0
204390,4998.0,4998.0,23472.0,3138.0,3138.0,9665.0
33595,4998.0,4998.0,14546.0,4998.0,4998.0,6385.0
31140,4997.0,4997.0,18508.0,3461.0,3461.0,7733.0
497,4997.0,4997.0,30028.0,2980.0,2980.0,13199.0
47066,4997.0,4997.0,12582.0,3184.0,3184.0,3861.0
328029,4999.0,4999.0,22265.0,2291.0,2291.0,7660.0
45320,4997.0,4997.0,20878.0,2039.0,2039.0,6444.0
205296,4997.0,4997.0,17088.0,2103.0,2103.0,4931.0
45192,4997.0,4997.0,22236.0,1693.0,1693.0,6342.0
54885,4998.0,4998.0,17429.0,3169.0,3169.0,5553.0
204094,4999.0,4999.0,16805.0,2798.0,2798.0,6402.0
47665,4996.0,4996.0,20958.0,3568.0,3568.0,9347.0
45219,4997.0,4997.0,17155.0,2353.0,2353.0,5463.0
133451,4998.0,4998.0,19493.0,3734.0,3734.0,8448.0
8700,4996.0,4996.0,22766.0,2430.0,2430.0,8583.0
31248,4998.0,4998.0,17327.0,2858.0,2858.0,6140.0
14623,4998.0,4998.0,16469.0,3034.0,3034.0,5776.0
59930,4998.0,4998.0,15438.0,4998.0,4998.0,7005.0
61344,4999.0,4999.0,22897.0,1398.0,1398.0,6074.0
31671,4997.0,4997.0,21109.0,4893.0,4893.0,11987.0
31872,4997.0,4997.0,19583.0,1932.0,1932.0,5858.0
132994,4999.0,4999.0,17510.0,2191.0,2191.0,4907.0
39407,4994.0,4994.0,15400.0,2400.0,2400.0,5088.0
44687,4999.0,4999.0,21909.0,1940.0,1940.0,6879.0
46874,4997.0,4997.0,18435.0,2463.0,2463.0,6213.0
133627,4998.0,4998.0,19218.0,3033.0,3033.0,6996.0
62436,4999.0,4999.0,23638.0,2400.0,2400.0,8654.0
14198,4998.0,4998.0,16838.0,1158.0,1158.0,2947.0
205739,4998.0,4998.0,24430.0,3248.0,3248.0,10216.0
266157,4997.0,4997.0,21393.0,2271.0,2271.0,6579.0
28728,4997.0,4997.0,15523.0,3517.0,3517.0,5616.0
44162,4996.0,4996.0,18288.0,3868.0,3868.0,9067.0
22227,1.0,1.0,3.0,0.0,0.0,0.0
16091,4997.0,4997.0,18889.0,2617.0,2617.0,6745.0
393644,4998.0,4998.0,17181.0,2125.0,2125.0,4898.0
267021,4998.0,4998.0,19905.0,2449.0,2449.0,6518.0
35850,4997.0,4997.0,16239.0,2936.0,2936.0,4956.0
372,4998.0,4998.0,23576.0,3844.0,3844.0,12771.0
50361,4996.0,4996.0,17103.0,2139.0,2139.0,4938.0
7060,4995.0,4995.0,14517.0,4995.0,4995.0,6313.0
19371,4997.0,4997.0,22798.0,2712.0,2712.0,8764.0
38380,4997.0,4997.0,22202.0,2051.0,2051.0,6604.0
4986,4995.0,4995.0,16046.0,2680.0,2680.0,5154.0
55164,4997.0,4997.0,17372.0,4097.0,4097.0,7733.0
2103,4999.0,4999.0,18241.0,2094.0,2094.0,5642.0
134239,4997.0,4997.0,15521.0,1820.0,1820.0,3938.0
201854,4998.0,4998.0,21911.0,949.0,949.0,3838.0
44424,5000.0,5000.0,18758.0,2054.0,2054.0,4878.0
394567,4998.0,4998.0,23239.0,2379.0,2379.0,7904.0
19002,4998.0,4998.0,14671.0,4998.0,4998.0,6392.0
12311,4994.0,4994.0,15397.0,3048.0,3048.0,6343.0
50913,4998.0,4998.0,18074.0,4914.0,4914.0,10443.0
28182,4997.0,4997.0,23737.0,3392.0,3392.0,11134.0
135333,4996.0,4996.0,16445.0,1824.0,1824.0,4052.0
201141,4997.0,4997.0,21643.0,2295.0,2295.0,7175.0
54173,4995.0,4995.0,14643.0,2283.0,2283.0,4617.0
196894,4998.0,4998.0,15471.0,2458.0,2458.0,5229.0
49421,4998.0,4998.0,15772.0,1769.0,1769.0,4037.0
50762,4998.0,4998.0,17551.0,3172.0,3172.0,7060.0
61051,4998.0,4998.0,22544.0,1116.0,1116.0,5458.0
134183,4998.0,4998.0,16968.0,1803.0,1803.0,4211.0
46408,4997.0,4997.0,17471.0,3077.0,3077.0,6862.0
36733,5000.0,5000.0,16361.0,2411.0,2411.0,4884.0
18553,4999.0,4999.0,19391.0,2292.0,2292.0,5338.0
133644,4999.0,4999.0,18811.0,3367.0,3367.0,7575.0
23971,4998.0,4998.0,16130.0,2200.0,2200.0,4714.0
58260,4999.0,4999.0,15835.0,2060.0,2060.0,4440.0
198971,4996.0,4996.0,15692.0,3348.0,3348.0,5156.0
196912,4997.0,4997.0,23575.0,2643.0,2643.0,9318.0
13053,4996.0,4996.0,14759.0,1722.0,1722.0,3641.0
4566,4998.0,4998.0,13994.0,4998.0,4998.0,6222.0
33996,4998.0,4998.0,18619.0,3862.0,3862.0,8383.0
62928,4999.0,4999.0,14121.0,2392.0,2392.0,4210.0
201530,4999.0,4999.0,18616.0,1825.0,1825.0,3908.0
6448,4998.0,4998.0,17670.0,1672.0,1672.0,5395.0
40764,4996.0,4996.0,18314.0,2561.0,2561.0,6395.0
42865,4999.0,4999.0,17347.0,4586.0,4586.0,9649.0
17069,5000.0,5000.0,20612.0,1871.0,1871.0,5209.0
5958,4997.0,4997.0,30107.0,2963.0,2963.0,13190.0
37020,4996.0,4996.0,14500.0,2753.0,2753.0,3981.0
35382,4997.0,4997.0,25007.0,4108.0,4108.0,12427.0
33372,4997.0,4997.0,16488.0,2692.0,2692.0,5205.0
45241,4999.0,4999.0,21573.0,3421.0,3421.0,9001.0
43007,4998.0,4998.0,15554.0,4753.0,4753.0,6845.0
268409,4998.0,4998.0,23006.0,2262.0,2262.0,7274.0
12213,4998.0,4998.0,14023.0,4998.0,4998.0,6224.0
21891,4997.0,4997.0,14548.0,2166.0,2166.0,4377.0
202703,4999.0,4999.0,22870.0,3829.0,3829.0,10518.0
205322,4997.0,4997.0,15222.0,1354.0,1354.0,3037.0
15675,4999.0,4999.0,15132.0,2648.0,2648.0,4582.0
29508,4997.0,4997.0,20399.0,1052.0,1052.0,3527.0
13963,4997.0,4997.0,17340.0,2526.0,2526.0,5512.0
18808,4996.0,4996.0,15749.0,4890.0,4890.0,6909.0
51100,4997.0,4997.0,15585.0,2274.0,2274.0,4592.0
21978,4999.0,4999.0,19467.0,1826.0,1826.0,3907.0
59708,4998.0,4998.0,23664.0,2639.0,2639.0,8545.0
205951,4998.0,4998.0,17178.0,4104.0,4104.0,8796.0
24103,4996.0,4996.0,17591.0,2209.0,2209.0,4943.0
197082,4995.0,4995.0,15372.0,3076.0,3076.0,6378.0
265983,4998.0,4998.0,25895.0,2539.0,2539.0,8257.0
43271,4999.0,4999.0,18502.0,2312.0,2312.0,5546.0
203167,4998.0,4998.0,22543.0,1245.0,1245.0,5930.0
393897,4997.0,4997.0,14570.0,4997.0,4997.0,6383.0
24690,5000.0,5000.0,18874.0,2060.0,2060.0,4929.0
43299,4997.0,4997.0,14980.0,1746.0,1746.0,3794.0
137939,4999.0,4999.0,22598.0,2448.0,2448.0,7784.0
35677,4998.0,4998.0,14237.0,1910.0,1910.0,3957.0
266461,4996.0,4996.0,18481.0,3588.0,3588.0,8236.0
36241,4999.0,4999.0,18589.0,2234.0,2234.0,5480.0
36633,4997.0,4997.0,16721.0,4997.0,4997.0,7949.0
44957,4996.0,4996.0,20082.0,2090.0,2090.0,6306.0
19942,4998.0,4998.0,19233.0,4722.0,4722.0,10746.0
393898,4999.0,4999.0,19367.0,1301.0,1301.0,3841.0
41011,4999.0,4999.0,17991.0,945.0,945.0,2832.0
25278,4996.0,4996.0,17964.0,2717.0,2717.0,6397.0
9972,4998.0,4998.0,15074.0,1542.0,1542.0,3391.0
47229,4999.0,4999.0,18123.0,4353.0,4353.0,9419.0
19328,4997.0,4997.0,17085.0,4623.0,4623.0,8056.0
133301,4998.0,4998.0,18389.0,3319.0,3319.0,7458.0
204593,4998.0,4998.0,17292.0,2455.0,2455.0,5377.0
17470,4997.0,4997.0,20445.0,2404.0,2404.0,7183.0
328066,4995.0,4995.0,17829.0,2307.0,2307.0,5450.0
60004,4997.0,4997.0,19770.0,1620.0,1620.0,5155.0
43497,4997.0,4997.0,17911.0,1443.0,1443.0,3986.0
34283,4998.0,4998.0,19155.0,3768.0,3768.0,8401.0
268636,4998.0,4998.0,24878.0,2502.0,2502.0,9122.0
17095,4995.0,4995.0,16292.0,4995.0,4995.0,7170.0
